{"cameraMode":{"drawMode":0,"name":"Shaded","section":"Shading Mode"},"sceneLighting":false,"audioPlay":false,"sceneViewState":{"showFog":true,"showMaterialUpdate":false,"showSkybox":false,"showFlares":true,"showImageEffects":true,"showParticleSystems":true},"in2DMode":false,"pivot":{"x":0.3983999490737915,"y":2.0543999671936037,"z":-6.9456000328063969},"rotation":{"x":-0.21646232903003694,"y":0.5894461870193481,"z":-0.1679171323776245,"w":-0.7599953413009644},"size":0.32487136125564577,"orthographic":false}